{"cameraMode":{"drawMode":0,"name":"Shaded","section":"Shading Mode"},"sceneLighting":false,"audioPlay":false,"sceneViewState":{"m_AlwaysRefresh":false,"showFog":false,"showSkybox":false,"showFlares":false,"showImageEffects":false,"showParticleSystems":false,"showVisualEffectGraphs":true,"m_FxEnabled":true},"in2DMode":false,"pivot":{"x":0.0032736659049987795,"y":1.0009379386901856,"z":0.20744943618774415},"rotation":{"x":0.019260387867689134,"y":-0.9626468420028687,"z":0.2605324685573578,"w":0.07116400450468064},"size":2.400499105453491,"orthographic":false}