{"cameraMode":{"drawMode":0,"name":"Shaded","section":"Shading Mode"},"sceneLighting":false,"audioPlay":false,"sceneViewState":{"m_AlwaysRefresh":false,"showFog":true,"showSkybox":false,"showFlares":true,"showImageEffects":true,"showParticleSystems":true,"showVisualEffectGraphs":true,"m_FxEnabled":true},"in2DMode":false,"pivot":{"x":62.40249252319336,"y":1.4547040462493897,"z":-0.38487064838409426},"rotation":{"x":0.010819180868566037,"y":-0.7651927471160889,"z":0.01286472287029028,"w":0.6435856223106384},"size":0.8660284280776978,"orthographic":false}