{"cameraMode":{"drawMode":0,"name":"Shaded","section":"Shading Mode"},"sceneLighting":false,"audioPlay":false,"sceneViewState":{"m_AlwaysRefresh":false,"showFog":true,"showSkybox":false,"showFlares":true,"showImageEffects":true,"showParticleSystems":true,"showVisualEffectGraphs":true,"m_FxEnabled":true},"in2DMode":false,"pivot":{"x":45.533050537109378,"y":0.5385875105857849,"z":2.441641092300415},"rotation":{"x":-0.009304255247116089,"y":-0.9370328783988953,"z":0.34822651743888857,"w":-0.02503281459212303},"size":1.62062406539917,"orthographic":false}