{"cameraMode":{"drawMode":0,"name":"Shaded","section":"Shading Mode"},"sceneLighting":false,"audioPlay":false,"sceneViewState":{"m_AlwaysRefresh":false,"showFog":true,"showSkybox":false,"showFlares":true,"showImageEffects":true,"showParticleSystems":true,"showVisualEffectGraphs":true,"m_FxEnabled":true},"in2DMode":false,"pivot":{"x":-63.85541534423828,"y":2.0969793796539308,"z":-1.3219318389892579},"rotation":{"x":0.002334709046408534,"y":-0.7111592292785645,"z":0.0023439894430339338,"w":0.7030406594276428},"size":3.1818161010742189,"orthographic":false}