{"cameraMode":{"drawMode":0,"name":"Shaded","section":"Shading Mode"},"sceneLighting":false,"audioPlay":false,"sceneViewState":{"m_AlwaysRefresh":false,"showFog":false,"showSkybox":false,"showFlares":false,"showImageEffects":false,"showParticleSystems":false,"showVisualEffectGraphs":true,"m_FxEnabled":true},"in2DMode":false,"pivot":{"x":-0.008739292621612549,"y":1.054089069366455,"z":0.08622276782989502},"rotation":{"x":0.12728044390678407,"y":-0.8727217316627502,"z":0.33329570293426516,"w":0.3332767188549042},"size":2.1701231002807619,"orthographic":false}